CUSEC;NMUN;V_VENTA;N_VENTA;FECHA
2808001001;Majadahonda;null;null;Mon Nov 26 2018 11:51:04 GMT+0100 (Hora estándar romance)
2808001002;Majadahonda;28;1;Mon Nov 26 2018 11:51:04 GMT+0100 (Hora estándar romance)
2808001003;Majadahonda;149;1;Mon Nov 26 2018 11:51:04 GMT+0100 (Hora estándar romance)
2808001004;Majadahonda;149;1;Mon Nov 26 2018 11:51:04 GMT+0100 (Hora estándar romance)
2808001005;Majadahonda;null;null;Mon Nov 26 2018 11:51:04 GMT+0100 (Hora estándar romance)
2808001006;Majadahonda;1 huésped · 1 dormitorio · 1 cama · 1 baño privado;Más  cercanos;Mon Nov 26 2018 11:51:04 GMT+0100 (Hora estándar romance)
2808001007;Majadahonda;80;1;Mon Nov 26 2018 11:51:04 GMT+0100 (Hora estándar romance)
2808001008;Majadahonda;2 huéspedes · 1 dormitorio · 2 camas · 1 baño privado;Más  cercanos;Mon Nov 26 2018 11:51:04 GMT+0100 (Hora estándar romance)
2808001009;Majadahonda;99;10;Mon Nov 26 2018 11:51:04 GMT+0100 (Hora estándar romance)
2808001010;Majadahonda;2 huéspedes · 1 dormitorio · 2 camas · 1 baño privado;Más  cercanos;Mon Nov 26 2018 11:51:04 GMT+0100 (Hora estándar romance)
2808001011;Majadahonda;130;2;Mon Nov 26 2018 11:51:04 GMT+0100 (Hora estándar romance)
2808001012;Majadahonda;null;null;Mon Nov 26 2018 11:51:04 GMT+0100 (Hora estándar romance)
2808001013;Majadahonda;null;null;Mon Nov 26 2018 11:51:04 GMT+0100 (Hora estándar romance)
2808001014;Majadahonda;54;6;Mon Nov 26 2018 11:51:04 GMT+0100 (Hora estándar romance)
2808001015;Majadahonda;null;null;Mon Nov 26 2018 11:51:04 GMT+0100 (Hora estándar romance)
2808001016;Majadahonda;null;null;Mon Nov 26 2018 11:51:04 GMT+0100 (Hora estándar romance)
2808001017;Majadahonda;104;2;Mon Nov 26 2018 11:51:04 GMT+0100 (Hora estándar romance)
2808002001;Majadahonda;69;1;Mon Nov 26 2018 11:51:04 GMT+0100 (Hora estándar romance)
2808002002;Majadahonda;64;2;Mon Nov 26 2018 11:51:04 GMT+0100 (Hora estándar romance)
2808002003;Majadahonda;null;null;Mon Nov 26 2018 11:51:04 GMT+0100 (Hora estándar romance)
2808002004;Majadahonda;23;1;Mon Nov 26 2018 11:51:04 GMT+0100 (Hora estándar romance)
2808002005;Majadahonda;76;2;Mon Nov 26 2018 11:51:04 GMT+0100 (Hora estándar romance)
2808002006;Majadahonda;null;null;Mon Nov 26 2018 11:51:04 GMT+0100 (Hora estándar romance)
2808002007;Majadahonda;159;1;Mon Nov 26 2018 11:51:04 GMT+0100 (Hora estándar romance)
2808002008;Majadahonda;134;1;Mon Nov 26 2018 11:51:04 GMT+0100 (Hora estándar romance)
2808002009;Majadahonda;76;2;Mon Nov 26 2018 11:51:04 GMT+0100 (Hora estándar romance)
2808002010;Majadahonda;29;1;Mon Nov 26 2018 11:51:04 GMT+0100 (Hora estándar romance)
2808002011;Majadahonda;59;1;Mon Nov 26 2018 11:51:04 GMT+0100 (Hora estándar romance)
2808002012;Majadahonda;2 huéspedes · 1 dormitorio · 2 camas · 1 baño privado;Más  cercanos;Mon Nov 26 2018 11:51:04 GMT+0100 (Hora estándar romance)
2808002013;Majadahonda;null;null;Mon Nov 26 2018 11:51:04 GMT+0100 (Hora estándar romance)
2808002014;Majadahonda;129;1;Mon Nov 26 2018 11:51:04 GMT+0100 (Hora estándar romance)
2808002015;Majadahonda;103;4;Mon Nov 26 2018 11:51:04 GMT+0100 (Hora estándar romance)
2808002016;Majadahonda;2 huéspedes · 1 dormitorio · 2 camas · 1 baño privado;Más  cercanos;Mon Nov 26 2018 11:51:04 GMT+0100 (Hora estándar romance)
2808002017;Majadahonda;159;1;Mon Nov 26 2018 11:51:04 GMT+0100 (Hora estándar romance)
2808002018;Majadahonda;93;4;Mon Nov 26 2018 11:51:04 GMT+0100 (Hora estándar romance)
2808002019;Majadahonda;null;null;Mon Nov 26 2018 11:51:04 GMT+0100 (Hora estándar romance)
2808002020;Majadahonda;112;2;Mon Nov 26 2018 11:51:04 GMT+0100 (Hora estándar romance)
2808002021;Majadahonda;82;5;Mon Nov 26 2018 11:51:04 GMT+0100 (Hora estándar romance)
2808002022;Majadahonda;1 huésped · 1 dormitorio · 1 cama · 1 baño privado;Más  cercanos;Mon Nov 26 2018 11:51:04 GMT+0100 (Hora estándar romance)
2808002023;Majadahonda;2 huéspedes · 1 dormitorio · 1 cama · 1 baño;Más  cercanos;Mon Nov 26 2018 11:51:04 GMT+0100 (Hora estándar romance)
2808002024;Majadahonda;86;7;Mon Nov 26 2018 11:51:04 GMT+0100 (Hora estándar romance)